1|AAAAAAAABAAAAAAA|434424|3035|49646|2451573|2451543|Dr.|Melinda|Foreman|Y|1|1|1990|ANTARCTICA||Melinda.Foreman@CGtKOg.com|2452615
2|AAAAAAAACAAAAAAA|1911852|4046|26240|2449344|2449314|Sir|Shane|Henry|N|24|9|1960|GIBRALTAR||Shane.Henry@pJpClsY2u7G.edu|2452298
3|AAAAAAAADAAAAAAA|1743156|5481|7406|2451508|2451478|Dr.|David|Jeffries|Y|24|11|1982|SOLOMON ISLANDS||David.Jeffries@ZKYFrNNESna1s.edu|2452639
4|AAAAAAAAEAAAAAAA|1468595|4567|5339|2451889|2451859|Mrs.|Claudia|Null|N|11|8|1992|SOUTH AFRICA||Claudia.Null@nxh6.edu|2452330
5|AAAAAAAAFAAAAAAA|674793|1891|41389|2450420|2450390|Sir|Jason|Maxfield|Y|5|1|1985|BAHRAIN||Jason.Maxfield@kTq8DZKpQA.org|2452578
6|AAAAAAAAGAAAAAAA|1226773|1081|49036|2449266|2449236|Sir|Harry|Kunz|Y|17|8|1975|SWITZERLAND||Harry.Kunz@i6GnXucO.com|2452388
7|AAAAAAAAHAAAAAAA|262150|4192|47787|2449554|2449524|Miss|Melissa|Robertson|Y|2|4|1946|SEYCHELLES||Melissa.Robertson@HTtZ0dX.edu|2452367
8|AAAAAAAAIAAAAAAA|1630365|5739|27066|2450154|2450124|Miss|Carla|Marsh|Y|3|10|1989|LESOTHO||Carla.Marsh@lez6yNq470dz90XVZ.edu|2452356
9|AAAAAAAAJAAAAAAA|1748440|5177|30361|2449028|2448998|Mr.|Louis|Shaw|Y|22|8|1989|TURKEY||Louis.Shaw@qXDk996vk.com|2452429
10|AAAAAAAAKAAAAAAA|1543956|5193|1230|2449942|2449912|Ms.|Hilda|Robert|Y|27|3|1953|SOLOMON ISLANDS||Hilda.Robert@3Yl7DtH1Q0i.org|2452487
11|AAAAAAAALAAAAAAA|1070338|1930|42722|2449103|2449073|Ms.|Rochel|Smith|Y|17|4|1984|CAYMAN ISLANDS||Rochel.Smith@1YRtc.org|2452483
12|AAAAAAAAMAAAAAAA|261504|7093|30329|2449089|2449059|Miss|Sandra|Nicholson|N|21|2|1935|CAPE VERDE||Sandra.Nicholson@LJb7dtqYz.org|2452412
13|AAAAAAAANAAAAAAA|413700|2482|30111|2452268|2452238|Dr.|Debbi|Johnson|Y|10|8|1930|HONG KONG||Debbi.Johnson@onfoUYt3RCT.org|2452538
14|AAAAAAAAOAAAAAAA|779991|6739|39487|2450888|2450858|Mr.|Brandon|Joseph|N|28|9|1964|CAYMAN ISLANDS||Brandon.Joseph@cJ9VQLagTB.org|2452440
15|AAAAAAAAPAAAAAAA|1425348|3283|42371|2452638|2452608|Mrs.|Arthur|Bachman|N|14|5|1971|HONDURAS||Arthur.Bachman@sp2CmZV9.org|2452483
16|AAAAAAAAABAAAAAA|360226|5714|43155|2449498|2449468|Mrs.|Elizabeth|Bell|Y|28|7|1938|BARBADOS||Elizabeth.Bell@KtKlbAN.edu|2452375
17|AAAAAAAABBAAAAAA|463589|3941|12340|2450023|2449993|Mr.|Frank|Norman|Y|3|12|1934|NORWAY||Frank.Norman@1oo3Qde.com|2452351
18|AAAAAAAACBAAAAAA|1823248|7077|10906|2452379|2452349|Mrs.|Martha|Garcia|N|8|8|1972|SUDAN||Martha.Garcia@AyQF6S0SoNGa.edu|2452308
19|AAAAAAAADBAAAAAA|1457600|1696|27792|2449884|2449854|Mrs.|Dorothy|Garcia|Y|15|9|1966|MOROCCO||Dorothy.Garcia@ZrE.edu|2452403
20|AAAAAAAAEBAAAAAA|1058840|2917|32241|2451855|2451825|Sir|Charles|Weiner|Y|29|5|1981|JERSEY||Charles.Weiner@Z.edu|2452600
21|AAAAAAAAFBAAAAAA|518567|1608|6649|2452648|2452618|Dr.|Peter|Craig|Y|30|10|1933|DENMARK||Peter.Craig@XCsEIbMC.org|2452351
22|AAAAAAAAGBAAAAAA|1332452|4415|45978|2449666|2449636|Sir|William|Tate|N|11|2|1972|PERU||William.Tate@iEMxApZj2cvz99f6K.org|2452416
23|AAAAAAAAHBAAAAAA|1226866|3845|11224|2449306|2449276|Sir|Christopher|Goff|Y|21|5|1991|GREENLAND||Christopher.Goff@njJIDINvk.edu|2452638
24|AAAAAAAAIBAAAAAA|||22006|2452464|||Leroy|Cox||||1961||||
25|AAAAAAAAJBAAAAAA|420664|119|6821|2449175|2449145|Mr.|James|Person|Y|15|7|1937|BURUNDI||James.Person@PR5gzQl2TYNqL.edu|2452477
26|AAAAAAAAKBAAAAAA|436069|6233|1197|2450244|2450214|Mr.|Hoyt|Hensley|Y|19|9|1954|AZERBAIJAN||Hoyt.Hensley@7iURR2b.edu|2452361
27|AAAAAAAALBAAAAAA|1132417|2431|12892|2451530|2451500|Miss|Renee|Winter|N|3|4|1935|INDONESIA||Renee.Winter@f9zBsKn.com|2452539
28|AAAAAAAAMBAAAAAA|1506267|3250|12186|2450086|2450056|Ms.|Sara|Johnson|Y|22|8|1990|GUADELOUPE||Sara.Johnson@QL2IZV.org|2452349
29|AAAAAAAANBAAAAAA|725174|5709|46244|2449977|2449947|Mrs.|Latoya|Collins|Y|8|7|1970|BOUVET ISLAND||Latoya.Collins@OTRcalVLClaY.org|2452381
30|AAAAAAAAOBAAAAAA|1666380|2417|38007|2449899|2449869|Sir|Michael|Irvin|N|18|3|1926|AFGHANISTAN||Michael.Irvin@2MByv.com|2452552
31|AAAAAAAAPBAAAAAA|897396|7200|16604|2451610|2451580|Mr.|Mark|Mcgraw|N|6|12|1954|MOROCCO||Mark.Mcgraw@bQ6A8rVMyF2Dsr7b.org|2452534
32|AAAAAAAAACAAAAAA|1481531|3705|1879|2450460|2450430|Mr.|James|Betts|N|23|11|1971|CROATIA||James.Betts@Fd.edu|2452488
33|AAAAAAAABCAAAAAA|1757844|3259|35074|2449203|2449173|Ms.|Audrey|Pratt|Y|5|5|1972|TONGA||Audrey.Pratt@ybyKuCPyXEa.com|2452495
34|AAAAAAAACCAAAAAA|897706|4707|36508|2450352|2450322|Miss|Brenda|Utley|N|2|8|1928|BOTSWANA||Brenda.Utley@XFg1IHfda.com|2452320
35|AAAAAAAADCAAAAAA|1284363|537|45158|2449284|2449254|Sir|Gary|Croft|Y|25|5|1961|MAURITIUS||Gary.Croft@xgUDZj0Up3LtfIvPKY.org|2452387
36|AAAAAAAAECAAAAAA|1534462|5271|46033|2452351|2452321|Dr.|Charles|Phillips|N|4|1|1992|VENEZUELA||Charles.Phillips@gTXIp80C8y.com|2452530
37|AAAAAAAAFCAAAAAA|1749255|5964|226|2451257|2451227|Miss|Elizabeth|Chapman|Y|6|6|1936|GUINEA-BISSAU||Elizabeth.Chapman@Eo6k42ST.edu|2452628
38|AAAAAAAAGCAAAAAA|1797150|1231|22112|2450659|2450629|Sir|Fernando|Bell|Y|6|11|1962|NAMIBIA||Fernando.Bell@5qDuf1tYSiK5v.org|2452588
39|AAAAAAAAHCAAAAAA|994516|6947|46978|2452467|2452437|Dr.|Tina|Seaton|N|20|7|1979|HUNGARY||Tina.Seaton@gxRronUKxLu7rs93RP.org|2452604
40|AAAAAAAAICAAAAAA|164693|965|34084|2450323|2450293|Mr.|Kevin|Rios|N|28|9|1934|GUATEMALA||Kevin.Rios@M.org|2452315
41|AAAAAAAAJCAAAAAA|712684|4332|13180|2452370|2452340|Ms.|Diane|Jenkins|Y|18|12|1930|PARAGUAY||Diane.Jenkins@EGyXYS8XXJ8IGzqhU.org|2452358
42|AAAAAAAAKCAAAAAA|1804615|2165|42915|2451810|2451780|Dr.|Randall|Hayes|N|24|10|1988|NETHERLANDS||Randall.Hayes@bMTYAbD3MYsJspNf.edu|2452579
43|AAAAAAAALCAAAAAA|1256765|1632|22146|2449230|2449200|Dr.|Brittany|Southern|Y|11|10|1992|CZECH REPUBLIC||Brittany.Southern@m7DzSQukUdeUV.org|2452546
44|AAAAAAAAMCAAAAAA|1836181|7050|31519|2450587|2450557|Mrs.|Jeanne|Lindsey|Y|15|7|1926|NIUE||Jeanne.Lindsey@DTLEQy6eMC.org|2452509
45|AAAAAAAANCAAAAAA||5455|48880|2449257|||Sally|Popp|N|9|||TOGO|||2452569
46|AAAAAAAAOCAAAAAA|1296556|1613|25870|2450626|2450596|Mrs.|Mabel|Jackson|N|22|3|1972|ANTARCTICA||Mabel.Jackson@Ju08xZMIk.edu|2452371
47|AAAAAAAAPCAAAAAA|995848|3702|9603|2450016|2449986|Ms.|Lindy|Moore|Y|25|11|1984|CANADA||Lindy.Moore@u7YVHgxvkNTcFpEBG.org|2452306
48|AAAAAAAAADAAAAAA|379427|3368|18062|2450394|2450364|Mr.|Salvatore|Little|N|19|12|1984|UNITED KINGDOM||Salvatore.Little@DEc.org|2452379
49|AAAAAAAABDAAAAAA|872332|1846|21360|2449582|2449552|Mr.|William|Ridley|Y|27|11|1977|DENMARK||William.Ridley@X.com|2452550
50|AAAAAAAACDAAAAAA|1209020|5115|37210|2450350|2450320|Ms.|Nina|Hyland|Y|10|1|1952|YEMEN||Nina.Hyland@oNdirzqGs3VdbQhb.edu|2452307
